{"cameraMode":{"drawMode":0,"name":"Shaded","section":"Shading Mode"},"sceneLighting":true,"audioPlay":false,"sceneViewState":{"m_AlwaysRefresh":false,"showFog":true,"showSkybox":true,"showFlares":true,"showImageEffects":true,"showParticleSystems":true,"showVisualEffectGraphs":true,"m_FxEnabled":true},"in2DMode":false,"pivot":{"x":277.0966796875,"y":140.52474975585938,"z":113.25814819335938},"rotation":{"x":0.5888909697532654,"y":-0.023016158491373063,"z":0.016798416152596475,"w":0.8076800107955933},"size":235.26731872558595,"orthographic":true}